{
    "credit": "Made with Blockbench",
    "texture_size": [128, 128],
    "textures": {
        "0": "costom/texture",
        "particle": "costom/texture"
    },
    "elements": [
        {
            "from": [17, 9, -6],
            "to": [29, 10, -6],
            "faces": {
                "north": { "uv": [0, 0, 1.875, 0.125], "texture": "#0" },
                "east": { "uv": [0, 0, 0, 0.125], "texture": "#0" },
                "south": { "uv": [1.875, 0, 3.75, 0.125], "texture": "#0" },
                "west": { "uv": [1.875, 0, 1.875, 0.125], "texture": "#0" },
                "up": { "uv": [1.875, 0, 0, 0], "texture": "#0" },
                "down": { "uv": [3.75, 0, 1.875, 0], "texture": "#0" }
            }
        },
        {
            "from": [15, 9, -6],
            "to": [17, 10, 22],
            "faces": {
                "north": { "uv": [3.5, 3.5, 3.75, 3.625], "texture": "#0" },
                "east": { "uv": [0, 3.5, 3.5, 3.625], "texture": "#0" },
                "south": { "uv": [7.25, 3.5, 7.5, 3.625], "texture": "#0" },
                "west": { "uv": [3.75, 3.5, 7.25, 3.625], "texture": "#0" },
                "up": { "uv": [7.25, 3.5, 7, 0], "texture": "#0" },
                "down": { "uv": [4, 0, 3.75, 3.5], "texture": "#0" }
            }
        },
        {
            "from": [17, 9, 22],
            "to": [29, 10, 22],
            "faces": {
                "north": { "uv": [0, 0, 1.875, 0.125], "texture": "#0" },
                "east": { "uv": [0, 0, 0, 0.125], "texture": "#0" },
                "south": { "uv": [1.875, 0, 3.75, 0.125], "texture": "#0" },
                "west": { "uv": [1.875, 0, 1.875, 0.125], "texture": "#0" },
                "up": { "uv": [1.875, 0, 0, 0], "texture": "#0" },
                "down": { "uv": [3.75, 0, 1.875, 0], "texture": "#0" }
            }
        },
        {
            "from": [15, 8, -6],
            "to": [17, 9, 7],
            "faces": {
                "north": { "uv": [3, 2.625, 3.25, 2.75], "texture": "#0" },
                "east": { "uv": [1.375, 2.625, 3, 2.75], "texture": "#0" },
                "south": { "uv": [4.875, 2.625, 5.125, 2.75], "texture": "#0" },
                "west": { "uv": [3.25, 2.625, 4.875, 2.75], "texture": "#0" },
                "up": { "uv": [3.25, 2.625, 3, 1], "texture": "#0" },
                "down": { "uv": [3.5, 1, 3.25, 2.625], "texture": "#0" }
            }
        },
        {
            "from": [15, 7, -5],
            "to": [17, 8, 6],
            "shade": false,
            "faces": {
                "north": { "uv": [3, 2.375, 2.75, 2.5], "texture": "#0" },
                "east": { "uv": [4.375, 2.375, 3, 2.5], "texture": "#0" },
                "south": { "uv": [4.625, 2.375, 4.375, 2.5], "texture": "#0" },
                "west": { "uv": [2.75, 2.375, 1.375, 2.5], "texture": "#0" },
                "up": { "uv": [2.75, 2.375, 3, 1], "texture": "#0" },
                "down": { "uv": [3, 1, 3.25, 2.375], "texture": "#0" }
            }
        },
        {
            "from": [15, 5, -3],
            "to": [17, 6, 4],
            "faces": {
                "north": { "uv": [2.25, 1.875, 2.5, 2], "texture": "#0" },
                "east": { "uv": [1.375, 1.875, 2.25, 2], "texture": "#0" },
                "south": { "uv": [3.375, 1.875, 3.625, 2], "texture": "#0" },
                "west": { "uv": [2.5, 1.875, 3.375, 2], "texture": "#0" },
                "up": { "uv": [2.5, 1.875, 2.25, 1], "texture": "#0" },
                "down": { "uv": [2.75, 1, 2.5, 1.875], "texture": "#0" }
            }
        },
        {
            "from": [15, 6, -4],
            "to": [17, 7, 5],
            "faces": {
                "north": { "uv": [2.5, 2.125, 2.75, 2.25], "texture": "#0" },
                "east": { "uv": [1.375, 2.125, 2.5, 2.25], "texture": "#0" },
                "south": { "uv": [3.875, 2.125, 4.125, 2.25], "texture": "#0" },
                "west": { "uv": [2.75, 2.125, 3.875, 2.25], "texture": "#0" },
                "up": { "uv": [2.75, 2.125, 2.5, 1], "texture": "#0" },
                "down": { "uv": [3, 1, 2.75, 2.125], "texture": "#0" }
            }
        },
        {
            "from": [15, 8, 9],
            "to": [17, 9, 22],
            "faces": {
                "north": { "uv": [1.625, 2.125, 1.875, 2.25], "texture": "#0" },
                "east": { "uv": [0, 2.125, 1.625, 2.25], "texture": "#0" },
                "south": { "uv": [3.5, 2.125, 3.75, 2.25], "texture": "#0" },
                "west": { "uv": [8, 2.125, 9.625, 2.25], "texture": "#0" },
                "up": { "uv": [1.875, 2.125, 1.625, 0.5], "texture": "#0" },
                "down": { "uv": [2.125, 0.5, 1.875, 2.125], "texture": "#0" }
            }
        },
        {
            "from": [15, 7, 10],
            "to": [17, 8, 21],
            "faces": {
                "north": { "uv": [1.375, 1.875, 1.625, 2], "texture": "#0" },
                "east": { "uv": [0, 1.875, 1.375, 2], "texture": "#0" },
                "south": { "uv": [3, 1.875, 3.25, 2], "texture": "#0" },
                "west": { "uv": [7.75, 1.875, 9.125, 2], "texture": "#0" },
                "up": { "uv": [1.625, 1.875, 1.375, 0.5], "texture": "#0" },
                "down": { "uv": [1.875, 0.5, 1.625, 1.875], "texture": "#0" }
            }
        },
        {
            "from": [15, 6, 11],
            "to": [17, 7, 20],
            "faces": {
                "north": { "uv": [1.125, 1.625, 1.375, 1.75], "texture": "#0" },
                "east": { "uv": [0, 1.625, 1.125, 1.75], "texture": "#0" },
                "south": { "uv": [2.5, 1.625, 2.75, 1.75], "texture": "#0" },
                "west": { "uv": [7.5, 1.625, 8.625, 1.75], "texture": "#0" },
                "up": { "uv": [1.375, 1.625, 1.125, 0.5], "texture": "#0" },
                "down": { "uv": [1.625, 0.5, 1.375, 1.625], "texture": "#0" }
            }
        },
        {
            "from": [15, 5, 12],
            "to": [17, 6, 19],
            "faces": {
                "north": { "uv": [0.875, 1.375, 1.125, 1.5], "texture": "#0" },
                "east": { "uv": [0, 1.375, 0.875, 1.5], "texture": "#0" },
                "south": { "uv": [2, 1.375, 2.25, 1.5], "texture": "#0" },
                "west": { "uv": [7.25, 1.375, 8.125, 1.5], "texture": "#0" },
                "up": { "uv": [1.125, 1.375, 0.875, 0.5], "texture": "#0" },
                "down": { "uv": [1.375, 0.5, 1.125, 1.375], "texture": "#0" }
            }
        }
    ],
    "display": {
        "thirdperson_righthand": {
            "translation": [-2.75, -1.25, -3.75],
            "scale": [0.28, 0.28, 0.28]
        },
        "thirdperson_lefthand": {
            "rotation": [0, 0, -180],
            "translation": [-2.75, -1.25, -3.75],
            "scale": [0.28, 0.28, 0.28]
        },
        "firstperson_righthand": {
            "translation": [-1.25, 0, -2.5]
        },
        "firstperson_lefthand": {
            "rotation": [-180, 0, -180],
            "translation": [-1.25, 0, -2.5]
        },
        "ground": {
            "scale": [0.3, 0.3, 0.3]
        },
        "gui": {
            "rotation": [0, 90, 0],
            "scale": [0.61, 0.5807, 0.52625]
        },
        "head": {
            "rotation": [0, -90, 0],
            "translation": [0, 0.5, -15.5],
            "scale": [1, 0.81836, 0.49414]
        },
        "fixed": {
            "rotation": [0, -90, 0],
            "translation": [0, 0, -8],
            "scale": [0.69, 0.69, 0.69]
        }
    },
    "groups": [
        0,
        1,
        2,
        {
            "name": "group",
            "origin": [0, 0, 0],
            "color": 0,
            "children": [3, 4, 5, 6]
        },
        {
            "name": "group",
            "origin": [0, 0, 0],
            "color": 0,
            "children": [7, 8, 9, 10]
        }
    ]
}
